epoch,train_loss,val_loss,val_accuracy,val_precision,val_recall,val_f1
0,0.7108880579471588,0.6929478049278259,0.5,0.0,0.0,0.0
1,0.6793595552444458,0.6929478049278259,0.5,0.0,0.0,0.0
2,0.7011813819408417,0.6929478049278259,0.5,0.0,0.0,0.0
3,0.6941290199756622,0.6929478049278259,0.5,0.0,0.0,0.0
4,0.6955937147140503,0.6929478049278259,0.5,0.0,0.0,0.0
5,0.6855684816837311,0.6929478049278259,0.5,0.0,0.0,0.0
