epoch,train_loss,val_loss,val_accuracy,val_precision,val_recall,val_f1
0,0.714522659778595,0.6240087151527405,1.0,1.0,1.0,1.0
1,0.7344703078269958,0.6240087151527405,1.0,1.0,1.0,1.0
2,0.6857664585113525,0.6240087151527405,1.0,1.0,1.0,1.0
3,0.8608139753341675,0.6240087151527405,1.0,1.0,1.0,1.0
4,0.7325959801673889,0.6240087151527405,1.0,1.0,1.0,1.0
5,0.779165506362915,0.6240087151527405,1.0,1.0,1.0,1.0
