epoch,train_loss,val_loss,val_accuracy,val_precision,val_recall,val_f1
0,0.6858565360307693,0.6882129907608032,0.5,0.0,0.0,0.0
1,0.7976142764091492,0.9168329238891602,0.5,0.5,1.0,0.6666666666666666
2,1.6988273561000824,1.188834309577942,0.5,0.0,0.0,0.0
3,0.682619646191597,1.8470230102539062,0.5,0.0,0.0,0.0
4,0.9781293645501137,1.8802340030670166,0.5,0.0,0.0,0.0
5,1.5185221061110497,1.034593939781189,0.5,0.0,0.0,0.0
