epoch,train_loss,val_loss,val_accuracy,val_precision,val_recall,val_f1
0,0.20616919975727796,0.19881835132837294,0.525,0.0,0.0,0.0
1,0.2061425859108567,0.20668660551309587,0.475,0.475,1.0,0.6440677966101694
2,0.206116346642375,6.484287571907044,0.475,0.475,1.0,0.6440677966101694
3,0.2060884663835168,0.19316453933715821,0.525,0.0,0.0,0.0
