epoch,train_loss,val_loss,val_accuracy,val_precision,val_recall,val_f1
0,0.2134723700582981,0.21229703724384308,0.5,0.5,1.0,0.6666666666666666
1,0.15721327904611826,0.2123233675956726,0.5,0.5,1.0,0.6666666666666666
2,0.19470880180597305,0.21239417791366577,0.5,0.5,1.0,0.6666666666666666
3,0.1946985125541687,0.21246497333049774,0.5,0.5,1.0,0.6666666666666666
4,0.19469253718852997,0.2125396430492401,0.5,0.5,1.0,0.6666666666666666
5,0.11968700960278511,0.21262292563915253,0.5,0.5,1.0,0.6666666666666666
