epoch,train_loss,val_loss,val_accuracy,val_precision,val_recall,val_f1
0,0.17332591116428375,0.6931473016738892,0.5,0.5,1.0,0.6666666666666666
1,0.17332729697227478,0.6931473016738892,0.5,0.0,0.0,0.0
2,0.17332708463072777,0.6931488513946533,0.5,0.0,0.0,0.0
3,0.17332638800144196,0.6931527853012085,0.5,0.0,0.0,0.0
4,0.17332633584737778,0.6931570768356323,0.5,0.0,0.0,0.0
5,0.17332516238093376,0.6931623220443726,0.5,0.0,0.0,0.0
