epoch,train_loss,val_loss,val_accuracy,val_precision,val_recall,val_f1
0,0.13636691635474563,0.12403205707669258,0.475,0.475,1.0,0.6440677966101694
